{
    "micro_precision": 0.7637795275590551,
    "micro_recall": 0.8290598290598291,
    "micro_f1": 0.7950819672131147,
    "macro_precision": 0.6497816516129475,
    "macro_recall": 0.7296368520925783,
    "macro_f1": 0.6860518608141613,
    "weighted_precision": 0.7706070392394564,
    "weighted_recall": 0.8290598290598291,
    "weighted_f1": 0.7976737577402302,
    "test_loss": 0.8673094259797666
}