{
    "toxic": 0.9250000000000004,
    "severe_toxic": 0.6750000000000003,
    "obscene": 0.7000000000000003,
    "threat": 0.9500000000000004,
    "insult": 0.47500000000000014,
    "identity_hate": 0.7250000000000003
}