trial,epoch,train_loss,val_loss,val_micro_f1_05,val_macro_f1_05,val_weighted_f1_05,val_micro_f1_tuned,val_macro_f1_tuned,val_weighted_f1_tuned,thresholds,learning_rate,epochs,batch_size,weight_decay,dropout,max_length,pos_weight_mode
10,1,0.16595518626963968,0.10412246735553621,0.7567655689598957,0.654759113788375,0.7631439996193666,0.7820679413402636,0.6845553688224109,0.7879402800361754,"{""toxic"": 0.7750000000000002, ""severe_toxic"": 0.6250000000000002, ""obscene"": 0.8500000000000003, ""threat"": 0.8500000000000003, ""insult"": 0.7500000000000002, ""identity_hate"": 0.5500000000000003}",2e-05,3,16,0.01,0.1,128,sqrt
10,2,0.09069691910209854,0.11712609206546996,0.7770922047449379,0.6902308739337002,0.7884340755877159,0.7882109803216821,0.7042552487843069,0.793577614116786,"{""toxic"": 0.6000000000000002, ""severe_toxic"": 0.7000000000000003, ""obscene"": 0.5000000000000002, ""threat"": 0.47500000000000014, ""insult"": 0.5000000000000002, ""identity_hate"": 0.7750000000000002}",2e-05,3,16,0.01,0.1,128,sqrt
10,3,0.061118524211772295,0.12926214167349884,0.7756928903425718,0.6936353945785833,0.781456125966595,0.7895272458136738,0.7106075790476857,0.793459371723251,"{""toxic"": 0.8000000000000003, ""severe_toxic"": 0.6750000000000003, ""obscene"": 0.7250000000000003, ""threat"": 0.8500000000000003, ""insult"": 0.8000000000000003, ""identity_hate"": 0.6000000000000002}",2e-05,3,16,0.01,0.1,128,sqrt
