trial,epoch,train_loss,val_loss,val_micro_f1_05,val_macro_f1_05,val_weighted_f1_05,val_micro_f1_tuned,val_macro_f1_tuned,val_weighted_f1_tuned,thresholds,learning_rate,epochs,batch_size,weight_decay,dropout,max_length,pos_weight_mode
23,1,0.6365047143470952,0.35935643564409797,0.6953929154539646,0.5900356168977317,0.7089073564987305,0.7740320128766879,0.6651663171533632,0.7817472745954313,"{""toxic"": 0.9250000000000004, ""severe_toxic"": 0.8750000000000003, ""obscene"": 0.9500000000000004, ""threat"": 0.9500000000000004, ""insult"": 0.9000000000000004, ""identity_hate"": 0.9250000000000004}",2.5e-05,4,16,0.01,0.2,128,raw
23,2,0.42239064850460584,0.5214128284622124,0.7544820717131474,0.6578925151338423,0.7729992669165727,0.7800469907825772,0.6886063000223636,0.7874140394718984,"{""toxic"": 0.5750000000000002, ""severe_toxic"": 0.9000000000000004, ""obscene"": 0.8500000000000003, ""threat"": 0.5750000000000002, ""insult"": 0.8250000000000003, ""identity_hate"": 0.9000000000000004}",2.5e-05,4,16,0.01,0.2,128,raw
23,3,0.2713751931505683,0.8024046064779675,0.7729850489774875,0.6892730646558043,0.7767161132335255,0.7907367634699786,0.7066075896750724,0.7934170670851947,"{""toxic"": 0.9500000000000004, ""severe_toxic"": 0.8500000000000003, ""obscene"": 0.8000000000000003, ""threat"": 0.12500000000000003, ""insult"": 0.8750000000000003, ""identity_hate"": 0.7250000000000003}",2.5e-05,4,16,0.01,0.2,128,raw
23,4,0.1721109717329595,0.8584810747012858,0.7766341163015748,0.6916623443925011,0.7809539595293793,0.785766826038985,0.699040272980461,0.7893001901279135,"{""toxic"": 0.9500000000000004, ""severe_toxic"": 0.8750000000000003, ""obscene"": 0.8000000000000003, ""threat"": 0.5250000000000001, ""insult"": 0.47500000000000014, ""identity_hate"": 0.5500000000000003}",2.5e-05,4,16,0.01,0.2,128,raw
