trial,epoch,train_loss,val_loss,val_micro_f1_05,val_macro_f1_05,val_weighted_f1_05,val_micro_f1_tuned,val_macro_f1_tuned,val_weighted_f1_tuned,thresholds,learning_rate,epochs,batch_size,weight_decay,dropout,max_length,pos_weight_mode
11,1,0.6164318810431872,0.37494390472747324,0.711597824489196,0.6073948242173993,0.7245389322988405,0.7796889295516926,0.674185927512025,0.7847931754036477,"{""toxic"": 0.9000000000000004, ""severe_toxic"": 0.9250000000000004, ""obscene"": 0.9500000000000004, ""threat"": 0.9500000000000004, ""insult"": 0.9250000000000004, ""identity_hate"": 0.8750000000000003}",2e-05,3,16,0.01,0.2,128,raw
11,2,0.3951088868331791,0.5333689609177913,0.7576897905759162,0.6622447887748808,0.7720236007354727,0.7872981111415275,0.6974358146560249,0.7926289869087798,"{""toxic"": 0.7500000000000002, ""severe_toxic"": 0.9250000000000004, ""obscene"": 0.9000000000000004, ""threat"": 0.5250000000000001, ""insult"": 0.8750000000000003, ""identity_hate"": 0.9000000000000004}",2e-05,3,16,0.01,0.2,128,raw
11,3,0.2528834952046025,0.593110340116488,0.7618186302721368,0.6724834864003911,0.7694511252696903,0.7898781630740394,0.7036333246843003,0.7928700354714701,"{""toxic"": 0.9250000000000004, ""severe_toxic"": 0.9500000000000004, ""obscene"": 0.9500000000000004, ""threat"": 0.8750000000000003, ""insult"": 0.9500000000000004, ""identity_hate"": 0.8000000000000003}",2e-05,3,16,0.01,0.2,128,raw
