trial,epoch,train_loss,val_loss,val_micro_f1_05,val_macro_f1_05,val_weighted_f1_05,val_micro_f1_tuned,val_macro_f1_tuned,val_weighted_f1_tuned,thresholds,learning_rate,epochs,batch_size,weight_decay,dropout,max_length,pos_weight_mode
7,1,0.6274027684476374,0.4022631483516073,0.7237677653462352,0.6113008061778175,0.7400421470738535,0.7843246765335568,0.6864235934814852,0.7887687789439023,"{""toxic"": 0.9000000000000004, ""severe_toxic"": 0.9000000000000004, ""obscene"": 0.9250000000000004, ""threat"": 0.9500000000000004, ""insult"": 0.9250000000000004, ""identity_hate"": 0.9000000000000004}",1e-05,4,16,0.01,0.2,128,raw
7,2,0.397742862657593,0.48297539912382104,0.752289156626506,0.6581038992011272,0.7650299753476312,0.7902583572553015,0.703794845112739,0.7925762828768733,"{""toxic"": 0.8250000000000003, ""severe_toxic"": 0.9500000000000004, ""obscene"": 0.8750000000000003, ""threat"": 0.9500000000000004, ""insult"": 0.8750000000000003, ""identity_hate"": 0.9500000000000004}",1e-05,4,16,0.01,0.2,128,raw
7,3,0.29121909827021353,0.5656114106169167,0.7530357860876558,0.6702223062981214,0.7607353936236833,0.7910091743119266,0.707936062799126,0.794098292277625,"{""toxic"": 0.9250000000000004, ""severe_toxic"": 0.9500000000000004, ""obscene"": 0.9500000000000004, ""threat"": 0.9500000000000004, ""insult"": 0.8250000000000003, ""identity_hate"": 0.7750000000000002}",1e-05,4,16,0.01,0.2,128,raw
7,4,0.21783462757420546,0.6057344611108808,0.7616307742890022,0.6736650043113132,0.7695516186627933,0.788475975975976,0.7075314176300199,0.7926119054116904,"{""toxic"": 0.9500000000000004, ""severe_toxic"": 0.8750000000000003, ""obscene"": 0.9500000000000004, ""threat"": 0.9500000000000004, ""insult"": 0.9250000000000004, ""identity_hate"": 0.9000000000000004}",1e-05,4,16,0.01,0.2,128,raw
