trial,epoch,train_loss,val_loss,val_micro_f1_05,val_macro_f1_05,val_weighted_f1_05,val_micro_f1_tuned,val_macro_f1_tuned,val_weighted_f1_tuned,thresholds,learning_rate,epochs,batch_size,weight_decay,dropout,max_length,pos_weight_mode
28,1,0.16451483634313535,0.10539474708752154,0.7478430734168973,0.6370798624318877,0.7607105445583632,0.7748423073407076,0.6731041593267769,0.7831822223382839,"{""toxic"": 0.7000000000000003, ""severe_toxic"": 0.6750000000000003, ""obscene"": 0.8500000000000003, ""threat"": 0.9250000000000004, ""insult"": 0.6750000000000003, ""identity_hate"": 0.7000000000000003}",3e-05,3,16,0.01,0.2,128,sqrt
28,2,0.0926856517790114,0.11575188469730023,0.7713593912141128,0.6772818106772837,0.7846940027438578,0.7870284333766958,0.6963152011839767,0.7915841243206678,"{""toxic"": 0.5250000000000001, ""severe_toxic"": 0.7750000000000002, ""obscene"": 0.6750000000000003, ""threat"": 0.2750000000000001, ""insult"": 0.8000000000000003, ""identity_hate"": 0.9000000000000004}",3e-05,3,16,0.01,0.2,128,sqrt
28,3,0.059573341827695456,0.1348343751801646,0.7786928333625373,0.6900150148017321,0.7841489186748917,0.7896108732079687,0.7051225828320961,0.7936113314667979,"{""toxic"": 0.8500000000000003, ""severe_toxic"": 0.7750000000000002, ""obscene"": 0.7250000000000003, ""threat"": 0.9250000000000004, ""insult"": 0.5750000000000002, ""identity_hate"": 0.5000000000000002}",3e-05,3,16,0.01,0.2,128,sqrt
