trial,epoch,train_loss,val_loss,val_micro_f1_05,val_macro_f1_05,val_weighted_f1_05,val_micro_f1_tuned,val_macro_f1_tuned,val_weighted_f1_tuned,thresholds,learning_rate,epochs,batch_size,weight_decay,dropout,max_length,pos_weight_mode
37,1,0.8587840628652033,0.860089124504643,0.7584029712163417,0.6354693022720933,0.7658814751773695,0.7692449525214345,0.6598871596694832,0.7734199678327313,"{""toxic"": 0.3750000000000001, ""severe_toxic"": 0.6250000000000002, ""obscene"": 0.5500000000000003, ""threat"": 0.9500000000000004, ""insult"": 0.3750000000000001, ""identity_hate"": 0.20000000000000007}",3e-05,3,8,0.01,0.2,256,raw
37,2,0.5892923742571962,0.8027484169592923,0.7826409495548962,0.6852541858522425,0.7884097225555079,0.7876635514018692,0.6961064958573973,0.7924043732835958,"{""toxic"": 0.4500000000000001, ""severe_toxic"": 0.6000000000000002, ""obscene"": 0.7750000000000002, ""threat"": 0.17500000000000004, ""insult"": 0.47500000000000014, ""identity_hate"": 0.5500000000000003}",3e-05,3,8,0.01,0.2,256,raw
37,3,0.3600982560128403,0.7842942359381795,0.7845676274944567,0.6906668783668546,0.7888346019162862,0.7903255471767519,0.7015239944974537,0.7948119099529959,"{""toxic"": 0.8500000000000003, ""severe_toxic"": 0.5500000000000003, ""obscene"": 0.9000000000000004, ""threat"": 0.9500000000000004, ""insult"": 0.5250000000000001, ""identity_hate"": 0.7000000000000003}",3e-05,3,8,0.01,0.2,256,raw
