trial,epoch,train_loss,val_loss,val_micro_f1_05,val_macro_f1_05,val_weighted_f1_05,val_micro_f1_tuned,val_macro_f1_tuned,val_weighted_f1_tuned,thresholds,learning_rate,epochs,batch_size,weight_decay,dropout,max_length,pos_weight_mode
36,1,0.8230314611565408,0.8361154795583812,0.763412165271004,0.6293150198382094,0.7664563067221539,0.774044674173897,0.6675618117484917,0.7751142151566077,"{""toxic"": 0.3750000000000001, ""severe_toxic"": 0.6000000000000002, ""obscene"": 0.6750000000000003, ""threat"": 0.9500000000000004, ""insult"": 0.5250000000000001, ""identity_hate"": 0.15000000000000002}",2.5e-05,4,8,0.01,0.2,256,raw
36,2,0.599408257132643,0.6517136519533306,0.7847172512526843,0.6885685777431824,0.7919464151312445,0.7945078393171908,0.7010125559276558,0.795732652902747,"{""toxic"": 0.7000000000000003, ""severe_toxic"": 0.8750000000000003, ""obscene"": 0.4500000000000001, ""threat"": 0.20000000000000007, ""insult"": 0.6250000000000002, ""identity_hate"": 0.9250000000000004}",2.5e-05,4,8,0.01,0.2,256,raw
36,3,0.4082530868050783,0.9825148719304376,0.7872512829747006,0.6823230864443492,0.7891587854766385,0.7920206871074991,0.6965693328173935,0.7953994082301337,"{""toxic"": 0.8750000000000003, ""severe_toxic"": 0.3500000000000001, ""obscene"": 0.7000000000000003, ""threat"": 0.07500000000000001, ""insult"": 0.7750000000000002, ""identity_hate"": 0.7500000000000002}",2.5e-05,4,8,0.01,0.2,256,raw
36,4,0.2565087297880494,1.046563318634144,0.7885193621867882,0.6949217784642668,0.7899250210319231,0.792706510728428,0.7035926411162018,0.7949437930339581,"{""toxic"": 0.8750000000000003, ""severe_toxic"": 0.5750000000000002, ""obscene"": 0.8750000000000003, ""threat"": 0.10000000000000002, ""insult"": 0.25000000000000006, ""identity_hate"": 0.6750000000000003}",2.5e-05,4,8,0.01,0.2,256,raw
