trial,epoch,train_loss,val_loss,val_micro_f1_05,val_macro_f1_05,val_weighted_f1_05,val_micro_f1_tuned,val_macro_f1_tuned,val_weighted_f1_tuned,thresholds,learning_rate,epochs,batch_size,weight_decay,dropout,max_length,pos_weight_mode
22,1,0.16932528063206245,0.10559725527540173,0.7440240620547728,0.6346033847117838,0.750547385690087,0.7759935408630124,0.676133308801384,0.7819674846876217,"{""toxic"": 0.8000000000000003, ""severe_toxic"": 0.6500000000000002, ""obscene"": 0.7750000000000002, ""threat"": 0.9250000000000004, ""insult"": 0.7500000000000002, ""identity_hate"": 0.4000000000000001}",2.5e-05,4,16,0.01,0.1,128,sqrt
22,2,0.09438504877794392,0.11937416487598772,0.7692574600971548,0.6736633105011754,0.7827126160181874,0.7851516523313716,0.6950966049461136,0.7898974555926223,"{""toxic"": 0.5000000000000002, ""severe_toxic"": 0.8250000000000003, ""obscene"": 0.6500000000000002, ""threat"": 0.3750000000000001, ""insult"": 0.5500000000000003, ""identity_hate"": 0.7750000000000002}",2.5e-05,4,16,0.01,0.1,128,sqrt
22,3,0.06521579580689157,0.1521557905571512,0.7804263740217685,0.6986071124974509,0.7834235477770112,0.7867906976744186,0.702382068500166,0.7885525007008434,"{""toxic"": 0.7250000000000003, ""severe_toxic"": 0.7250000000000003, ""obscene"": 0.6750000000000003, ""threat"": 0.3500000000000001, ""insult"": 0.5000000000000002, ""identity_hate"": 0.5000000000000002}",2.5e-05,4,16,0.01,0.1,128,sqrt
22,4,0.04110299499323324,0.16799654931152633,0.7772477724777248,0.6908062541301581,0.7805480378034536,0.7812017089355513,0.6996963724432376,0.7858157961881608,"{""toxic"": 0.8500000000000003, ""severe_toxic"": 0.5500000000000003, ""obscene"": 0.47500000000000014, ""threat"": 0.6500000000000002, ""insult"": 0.32500000000000007, ""identity_hate"": 0.2750000000000001}",2.5e-05,4,16,0.01,0.1,128,sqrt
