trial,epoch,train_loss,val_loss,val_micro_f1_05,val_macro_f1_05,val_weighted_f1_05,val_micro_f1_tuned,val_macro_f1_tuned,val_weighted_f1_tuned,thresholds,learning_rate,epochs,batch_size,weight_decay,dropout,max_length,pos_weight_mode
24,1,0.1703901623459382,0.10660985074666537,0.7591471003069775,0.651504977030524,0.7663108606059281,0.7791609036422315,0.6788257687721164,0.7848156889801823,"{""toxic"": 0.7250000000000003, ""severe_toxic"": 0.6250000000000002, ""obscene"": 0.7750000000000002, ""threat"": 0.9000000000000004, ""insult"": 0.7250000000000003, ""identity_hate"": 0.5000000000000002}",2.5e-05,4,16,0.01,0.2,128,sqrt
24,2,0.09547619205539953,0.11910950209103296,0.7704787937571643,0.6775813992949494,0.7828572380880832,0.7850433196534428,0.7003596321035245,0.7909746937422237,"{""toxic"": 0.4500000000000001, ""severe_toxic"": 0.7250000000000003, ""obscene"": 0.8000000000000003, ""threat"": 0.4250000000000001, ""insult"": 0.4500000000000001, ""identity_hate"": 0.7250000000000003}",2.5e-05,4,16,0.01,0.2,128,sqrt
24,3,0.06498978572080322,0.14613390854696565,0.784394250513347,0.7011260239479925,0.7864186053216559,0.7862630750717393,0.7073853723295948,0.7906412055566162,"{""toxic"": 0.8500000000000003, ""severe_toxic"": 0.5000000000000002, ""obscene"": 0.6500000000000002, ""threat"": 0.7250000000000003, ""insult"": 0.5500000000000003, ""identity_hate"": 0.2750000000000001}",2.5e-05,4,16,0.01,0.2,128,sqrt
24,4,0.04138427965458847,0.16483504539572358,0.7807737397420867,0.6904875241713363,0.7836715233171464,0.7863611162446867,0.7001335081548029,0.7878665139270213,"{""toxic"": 0.7750000000000002, ""severe_toxic"": 0.6500000000000002, ""obscene"": 0.47500000000000014, ""threat"": 0.7250000000000003, ""insult"": 0.5500000000000003, ""identity_hate"": 0.6250000000000002}",2.5e-05,4,16,0.01,0.2,128,sqrt
