trial,epoch,train_loss,val_loss,val_micro_f1_05,val_macro_f1_05,val_weighted_f1_05,val_micro_f1_tuned,val_macro_f1_tuned,val_weighted_f1_tuned,thresholds,learning_rate,epochs,batch_size,weight_decay,dropout,max_length,pos_weight_mode
2,1,0.1785086055478776,0.11014916978693656,0.7709010087194392,0.6755274096425442,0.7777032202188539,0.7869839179911596,0.6947181077372545,0.7921593514075478,"{""toxic"": 0.7000000000000003, ""severe_toxic"": 0.6750000000000003, ""obscene"": 0.8000000000000003, ""threat"": 0.7750000000000002, ""insult"": 0.7750000000000002, ""identity_hate"": 0.3750000000000001}",1e-05,3,16,0.01,0.1,128,sqrt
2,2,0.09418826086224684,0.10752442774113379,0.7715349466914876,0.6822656033510226,0.7810637261349946,0.793534442251668,0.7089161520710108,0.7955025115400387,"{""toxic"": 0.6750000000000003, ""severe_toxic"": 0.7500000000000002, ""obscene"": 0.7500000000000002, ""threat"": 0.7500000000000002, ""insult"": 0.8250000000000003, ""identity_hate"": 0.8500000000000003}",1e-05,3,16,0.01,0.1,128,sqrt
2,3,0.07254583283402184,0.11303604332207862,0.7707546377906489,0.6827570349295207,0.7779767221869428,0.794447015270708,0.712998009596396,0.7969830156274679,"{""toxic"": 0.8250000000000003, ""severe_toxic"": 0.8000000000000003, ""obscene"": 0.7250000000000003, ""threat"": 0.9000000000000004, ""insult"": 0.8000000000000003, ""identity_hate"": 0.6000000000000002}",1e-05,3,16,0.01,0.1,128,sqrt
