trial,epoch,train_loss,val_loss,val_micro_f1_05,val_macro_f1_05,val_weighted_f1_05,val_micro_f1_tuned,val_macro_f1_tuned,val_weighted_f1_tuned,thresholds,learning_rate,epochs,batch_size,weight_decay,dropout,max_length,pos_weight_mode
38,1,0.8702975926424871,0.6184004970772242,0.7467796317109017,0.6272879078114719,0.7588651471427582,0.7677664974619289,0.6584092369736471,0.7694137903196399,"{""toxic"": 0.3750000000000001, ""severe_toxic"": 0.8250000000000003, ""obscene"": 0.7000000000000003, ""threat"": 0.9500000000000004, ""insult"": 0.6750000000000003, ""identity_hate"": 0.47500000000000014}",3e-05,4,8,0.01,0.2,256,raw
38,2,0.6308742612881048,0.6920405483725484,0.7713335131732758,0.6790433295823554,0.7828504092963351,0.7837286879169756,0.6896513444270829,0.787195750494173,"{""toxic"": 0.25000000000000006, ""severe_toxic"": 0.7000000000000003, ""obscene"": 0.7250000000000003, ""threat"": 0.7500000000000002, ""insult"": 0.7000000000000003, ""identity_hate"": 0.9250000000000004}",3e-05,4,8,0.01,0.2,256,raw
38,3,0.44610209840281634,1.0002177720895333,0.7883013400941687,0.6928528526103328,0.7876466778304131,0.7930747153041385,0.7028974729072259,0.7947289224767646,"{""toxic"": 0.9250000000000004, ""severe_toxic"": 0.2750000000000001, ""obscene"": 0.6250000000000002, ""threat"": 0.47500000000000014, ""insult"": 0.6500000000000002, ""identity_hate"": 0.5500000000000003}",3e-05,4,8,0.01,0.2,256,raw
38,4,0.28185119037254935,1.0838116744737716,0.7834880941436058,0.6907878585551023,0.7845280179762296,0.7835147455577263,0.6963824463621454,0.7869461776618639,"{""toxic"": 0.9500000000000004, ""severe_toxic"": 0.2750000000000001, ""obscene"": 0.7250000000000003, ""threat"": 0.6500000000000002, ""insult"": 0.5250000000000001, ""identity_hate"": 0.3000000000000001}",3e-05,4,8,0.01,0.2,256,raw
