trial,epoch,train_loss,val_loss,val_micro_f1_05,val_macro_f1_05,val_weighted_f1_05,val_micro_f1_tuned,val_macro_f1_tuned,val_weighted_f1_tuned,thresholds,learning_rate,epochs,batch_size,weight_decay,dropout,max_length,pos_weight_mode
4,1,0.17987589945455967,0.11129004817916999,0.7727624451895796,0.67833055980599,0.7785743015706759,0.787470780738663,0.6909283378391254,0.7917556320804282,"{""toxic"": 0.6000000000000002, ""severe_toxic"": 0.6250000000000002, ""obscene"": 0.7750000000000002, ""threat"": 0.5500000000000003, ""insult"": 0.8000000000000003, ""identity_hate"": 0.4500000000000001}",1e-05,3,16,0.01,0.2,128,sqrt
4,2,0.09457713641595179,0.10825033362155356,0.7718319384563361,0.6830216675453585,0.7819759140658677,0.7910920611256057,0.7038947620918412,0.7945687364495434,"{""toxic"": 0.6750000000000003, ""severe_toxic"": 0.7250000000000003, ""obscene"": 0.7750000000000002, ""threat"": 0.3500000000000001, ""insult"": 0.7750000000000002, ""identity_hate"": 0.8750000000000003}",1e-05,3,16,0.01,0.2,128,sqrt
4,3,0.07240850420985886,0.11346742025831619,0.7708595916309554,0.6850039127779392,0.7780990682181403,0.7924986004851652,0.711501147305491,0.7959490334307281,"{""toxic"": 0.8500000000000003, ""severe_toxic"": 0.7500000000000002, ""obscene"": 0.8000000000000003, ""threat"": 0.7750000000000002, ""insult"": 0.7750000000000002, ""identity_hate"": 0.7750000000000002}",1e-05,3,16,0.01,0.2,128,sqrt
