trial,epoch,train_loss,val_loss,val_micro_f1_05,val_macro_f1_05,val_weighted_f1_05,val_micro_f1_tuned,val_macro_f1_tuned,val_weighted_f1_tuned,thresholds,learning_rate,epochs,batch_size,weight_decay,dropout,max_length,pos_weight_mode
14,1,0.17162442463158345,0.1065249994517314,0.7641374674397109,0.658641615568433,0.7705190606642709,0.782395198690552,0.6902302918517264,0.788016792573053,"{""toxic"": 0.6750000000000003, ""severe_toxic"": 0.6000000000000002, ""obscene"": 0.7500000000000002, ""threat"": 0.8500000000000003, ""insult"": 0.6750000000000003, ""identity_hate"": 0.47500000000000014}",2e-05,4,16,0.01,0.1,128,sqrt
14,2,0.0934049921835142,0.1174709028812632,0.7697276536312849,0.6801069024411982,0.7820153725585577,0.7840495265841224,0.7000848333458484,0.7884573439890736,"{""toxic"": 0.4500000000000001, ""severe_toxic"": 0.7500000000000002, ""obscene"": 0.6250000000000002, ""threat"": 0.6250000000000002, ""insult"": 0.6500000000000002, ""identity_hate"": 0.7750000000000002}",2e-05,4,16,0.01,0.1,128,sqrt
14,3,0.06513734146116797,0.1449194217086849,0.7812278211497516,0.703794158988675,0.783505639086376,0.7887245325146526,0.7115688819524184,0.7908005178099118,"{""toxic"": 0.7750000000000002, ""severe_toxic"": 0.6750000000000003, ""obscene"": 0.7500000000000002, ""threat"": 0.10000000000000002, ""insult"": 0.6000000000000002, ""identity_hate"": 0.4250000000000001}",2e-05,4,16,0.01,0.1,128,sqrt
14,4,0.04348344215733477,0.15920744436491252,0.7766592427616926,0.6936824022628733,0.7804260777647753,0.7859353023909986,0.7061142770734808,0.7878187643432535,"{""toxic"": 0.8750000000000003, ""severe_toxic"": 0.7250000000000003, ""obscene"": 0.7000000000000003, ""threat"": 0.3750000000000001, ""insult"": 0.5500000000000003, ""identity_hate"": 0.7250000000000003}",2e-05,4,16,0.01,0.1,128,sqrt
