trial,epoch,train_loss,val_loss,val_micro_f1_05,val_macro_f1_05,val_weighted_f1_05,val_micro_f1_tuned,val_macro_f1_tuned,val_weighted_f1_tuned,thresholds,learning_rate,epochs,batch_size,weight_decay,dropout,max_length,pos_weight_mode
34,1,0.7978652274484754,0.6384537331480953,0.7528052252554011,0.6344263205011148,0.7636157678354529,0.778116079923882,0.6628685394691002,0.7805008731642197,"{""toxic"": 0.8250000000000003, ""severe_toxic"": 0.8250000000000003, ""obscene"": 0.9000000000000004, ""threat"": 0.9500000000000004, ""insult"": 0.9000000000000004, ""identity_hate"": 0.6500000000000002}",2e-05,4,8,0.01,0.2,256,raw
34,2,0.5788759341581267,0.6635872050425767,0.7779608273842211,0.6911244956754055,0.7870221848803173,0.7882503660322109,0.7032920909104964,0.7913486509887901,"{""toxic"": 0.3500000000000001, ""severe_toxic"": 0.7750000000000002, ""obscene"": 0.2750000000000001, ""threat"": 0.7500000000000002, ""insult"": 0.4500000000000001, ""identity_hate"": 0.5500000000000003}",2e-05,4,8,0.01,0.2,256,raw
34,3,0.38198012662308123,0.9963015618098369,0.787281683833408,0.6863022312870721,0.7880175226983769,0.7959049497511036,0.7045715524748335,0.7988011446561932,"{""toxic"": 0.9000000000000004, ""severe_toxic"": 0.3500000000000001, ""obscene"": 0.9250000000000004, ""threat"": 0.07500000000000001, ""insult"": 0.9250000000000004, ""identity_hate"": 0.7000000000000003}",2e-05,4,8,0.01,0.2,256,raw
34,4,0.23910781408005444,1.007586059787294,0.7873973097409046,0.6924612331144538,0.7894185965695698,0.7922840369024322,0.6988117058225498,0.794241535144192,"{""toxic"": 0.9500000000000004, ""severe_toxic"": 0.6500000000000002, ""obscene"": 0.8750000000000003, ""threat"": 0.8500000000000003, ""insult"": 0.6000000000000002, ""identity_hate"": 0.7500000000000002}",2e-05,4,8,0.01,0.2,256,raw
