trial,epoch,train_loss,val_loss,val_micro_f1_05,val_macro_f1_05,val_weighted_f1_05,val_micro_f1_tuned,val_macro_f1_tuned,val_weighted_f1_tuned,thresholds,learning_rate,epochs,batch_size,weight_decay,dropout,max_length,pos_weight_mode
15,1,0.62727072903784,0.36067703500032716,0.7074363278114282,0.5950109547821477,0.7234492236979426,0.772576747516334,0.6695535619624988,0.7824112500643402,"{""toxic"": 0.9000000000000004, ""severe_toxic"": 0.8500000000000003, ""obscene"": 0.9500000000000004, ""threat"": 0.9500000000000004, ""insult"": 0.9000000000000004, ""identity_hate"": 0.8500000000000003}",2e-05,4,16,0.01,0.2,128,raw
15,2,0.41075021215014956,0.5259849126216876,0.7557346049494368,0.6599220512731875,0.7727888944212059,0.7838663312971613,0.6954337324323148,0.7891489756067926,"{""toxic"": 0.6000000000000002, ""severe_toxic"": 0.8750000000000003, ""obscene"": 0.8500000000000003, ""threat"": 0.9250000000000004, ""insult"": 0.8000000000000003, ""identity_hate"": 0.9500000000000004}",2e-05,4,16,0.01,0.2,128,raw
15,3,0.2762546879912954,0.7116388504840734,0.7674066599394551,0.6892231014745925,0.7716099880955395,0.7882234247454829,0.711933234641283,0.7943002688196429,"{""toxic"": 0.9500000000000004, ""severe_toxic"": 0.5000000000000002, ""obscene"": 0.8750000000000003, ""threat"": 0.7500000000000002, ""insult"": 0.8500000000000003, ""identity_hate"": 0.7250000000000003}",2e-05,4,16,0.01,0.2,128,raw
15,4,0.16603608979894896,0.8157132936896699,0.7733148260605535,0.6864214415837147,0.7779118259476728,0.7877661057915776,0.7055979342244282,0.7906428860029818,"{""toxic"": 0.9500000000000004, ""severe_toxic"": 0.7750000000000002, ""obscene"": 0.7750000000000002, ""threat"": 0.8750000000000003, ""insult"": 0.8500000000000003, ""identity_hate"": 0.9000000000000004}",2e-05,4,16,0.01,0.2,128,raw
