trial,epoch,train_loss,val_loss,val_micro_f1_05,val_macro_f1_05,val_weighted_f1_05,val_micro_f1_tuned,val_macro_f1_tuned,val_weighted_f1_tuned,thresholds,learning_rate,epochs,batch_size,weight_decay,dropout,max_length,pos_weight_mode
21,1,0.626835145645444,0.3944334781821755,0.7192561487702459,0.6169220254090159,0.7333676856863007,0.7713053848270801,0.668008222314477,0.7792513609991674,"{""toxic"": 0.9000000000000004, ""severe_toxic"": 0.9000000000000004, ""obscene"": 0.9250000000000004, ""threat"": 0.9250000000000004, ""insult"": 0.9250000000000004, ""identity_hate"": 0.8750000000000003}",2.5e-05,4,16,0.01,0.1,128,raw
21,2,0.41267929946541126,0.5168345837782568,0.7579368385967836,0.663578445576496,0.7730556876943868,0.7819438046982957,0.691665546712621,0.7886110627750228,"{""toxic"": 0.6750000000000003, ""severe_toxic"": 0.8750000000000003, ""obscene"": 0.9250000000000004, ""threat"": 0.8500000000000003, ""insult"": 0.8500000000000003, ""identity_hate"": 0.8750000000000003}",2.5e-05,4,16,0.01,0.1,128,raw
21,3,0.269789742247192,0.742819531260563,0.7750213857998289,0.6922179245131724,0.7790408860200575,0.789147143254005,0.7044503303627749,0.7923610087438706,"{""toxic"": 0.9250000000000004, ""severe_toxic"": 0.8000000000000003, ""obscene"": 0.8250000000000003, ""threat"": 0.3750000000000001, ""insult"": 0.8250000000000003, ""identity_hate"": 0.6000000000000002}",2.5e-05,4,16,0.01,0.1,128,raw
21,4,0.16622806695924575,0.8696445614825309,0.7756714060031595,0.6865731048352016,0.7790197144193013,0.7877336771341744,0.7025262066933241,0.7907885085914683,"{""toxic"": 0.9250000000000004, ""severe_toxic"": 0.6500000000000002, ""obscene"": 0.8000000000000003, ""threat"": 0.2750000000000001, ""insult"": 0.7250000000000003, ""identity_hate"": 0.8500000000000003}",2.5e-05,4,16,0.01,0.1,128,raw
