trial,epoch,train_loss,val_loss,val_micro_f1_05,val_macro_f1_05,val_weighted_f1_05,val_micro_f1_tuned,val_macro_f1_tuned,val_weighted_f1_tuned,thresholds,learning_rate,epochs,batch_size,weight_decay,dropout,max_length,pos_weight_mode
19,1,0.6282588777723946,0.3528655896340416,0.7083728739324038,0.6020589246960796,0.7220430088385237,0.7799143351863665,0.6705844014846534,0.7841033997582681,"{""toxic"": 0.9000000000000004, ""severe_toxic"": 0.9500000000000004, ""obscene"": 0.9500000000000004, ""threat"": 0.9500000000000004, ""insult"": 0.9250000000000004, ""identity_hate"": 0.9250000000000004}",2.5e-05,3,16,0.01,0.2,128,raw
19,2,0.39973579079804406,0.5311521611051222,0.759714121416249,0.662843159738154,0.7744184506636367,0.7839897181676306,0.6909731027093557,0.7901755544497736,"{""toxic"": 0.8000000000000003, ""severe_toxic"": 0.8750000000000003, ""obscene"": 0.8750000000000003, ""threat"": 0.4500000000000001, ""insult"": 0.9000000000000004, ""identity_hate"": 0.9500000000000004}",2.5e-05,3,16,0.01,0.2,128,raw
19,3,0.25084324503958977,0.6357749666294792,0.7695794510198942,0.6844196472303924,0.7761929385611849,0.7879014889034553,0.7035785743100634,0.7928117716578934,"{""toxic"": 0.9500000000000004, ""severe_toxic"": 0.9250000000000004, ""obscene"": 0.9500000000000004, ""threat"": 0.9500000000000004, ""insult"": 0.9000000000000004, ""identity_hate"": 0.6000000000000002}",2.5e-05,3,16,0.01,0.2,128,raw
