trial,epoch,train_loss,val_loss,val_micro_f1_05,val_macro_f1_05,val_weighted_f1_05,val_micro_f1_tuned,val_macro_f1_tuned,val_weighted_f1_tuned,thresholds,learning_rate,epochs,batch_size,weight_decay,dropout,max_length,pos_weight_mode
17,1,0.6222751628329162,0.35138998252476933,0.6933445661331087,0.5968391928636488,0.704338664914379,0.7758636240642194,0.6738054988925373,0.7824808927396082,"{""toxic"": 0.9500000000000004, ""severe_toxic"": 0.9250000000000004, ""obscene"": 0.9500000000000004, ""threat"": 0.9500000000000004, ""insult"": 0.9500000000000004, ""identity_hate"": 0.7500000000000002}",2.5e-05,3,16,0.01,0.1,128,raw
17,2,0.40286570721243814,0.5203010248836444,0.7534739251266961,0.6520000200397346,0.7698408345011406,0.7848804891606448,0.6969740697963811,0.7906734785228419,"{""toxic"": 0.8500000000000003, ""severe_toxic"": 0.9500000000000004, ""obscene"": 0.9250000000000004, ""threat"": 0.8500000000000003, ""insult"": 0.8750000000000003, ""identity_hate"": 0.9500000000000004}",2.5e-05,3,16,0.01,0.1,128,raw
17,3,0.24430964041327843,0.6273672302688312,0.7705634987384357,0.682299617704611,0.7775838900478959,0.7916399303327528,0.6999193792164807,0.7947675593572991,"{""toxic"": 0.8250000000000003, ""severe_toxic"": 0.9500000000000004, ""obscene"": 0.9500000000000004, ""threat"": 0.8250000000000003, ""insult"": 0.8750000000000003, ""identity_hate"": 0.6750000000000003}",2.5e-05,3,16,0.01,0.1,128,raw
