trial,epoch,train_loss,val_loss,val_micro_f1_05,val_macro_f1_05,val_weighted_f1_05,val_micro_f1_tuned,val_macro_f1_tuned,val_weighted_f1_tuned,thresholds,learning_rate,epochs,batch_size,weight_decay,dropout,max_length,pos_weight_mode
3,1,0.6110347404161844,0.40233286621187875,0.7249337873628453,0.6146734300970566,0.7404145416509132,0.782657031684269,0.6862999732938708,0.7881846883515655,"{""toxic"": 0.9000000000000004, ""severe_toxic"": 0.9000000000000004, ""obscene"": 0.9250000000000004, ""threat"": 0.9500000000000004, ""insult"": 0.9250000000000004, ""identity_hate"": 0.8500000000000003}",1e-05,3,16,0.01,0.2,128,raw
3,2,0.3846821719040255,0.46518653429810264,0.7450331125827815,0.6519981905914362,0.7577246603897753,0.7910475142175748,0.7070370635693539,0.7941830610153782,"{""toxic"": 0.8250000000000003, ""severe_toxic"": 0.9500000000000004, ""obscene"": 0.9250000000000004, ""threat"": 0.9000000000000004, ""insult"": 0.8750000000000003, ""identity_hate"": 0.9250000000000004}",1e-05,3,16,0.01,0.2,128,raw
3,3,0.2816877433140737,0.4858943964311894,0.748436139045055,0.6557815406547726,0.7586743837688471,0.792548841435711,0.7046613044228938,0.7962789221840552,"{""toxic"": 0.9000000000000004, ""severe_toxic"": 0.9250000000000004, ""obscene"": 0.9250000000000004, ""threat"": 0.9500000000000004, ""insult"": 0.9000000000000004, ""identity_hate"": 0.9000000000000004}",1e-05,3,16,0.01,0.2,128,raw
