trial,epoch,train_loss,val_loss,val_micro_f1_05,val_macro_f1_05,val_weighted_f1_05,val_micro_f1_tuned,val_macro_f1_tuned,val_weighted_f1_tuned,thresholds,learning_rate,epochs,batch_size,weight_decay,dropout,max_length,pos_weight_mode
20,1,0.16445114393841925,0.10339505094460542,0.7446657743484765,0.6408433288728895,0.752573277186531,0.781301558203483,0.6857973630323619,0.786315429230688,"{""toxic"": 0.8000000000000003, ""severe_toxic"": 0.7000000000000003, ""obscene"": 0.8500000000000003, ""threat"": 0.9500000000000004, ""insult"": 0.8000000000000003, ""identity_hate"": 0.6250000000000002}",2.5e-05,3,16,0.01,0.2,128,sqrt
20,2,0.09086320140823116,0.11668050922306328,0.7741262389149713,0.6745729583534592,0.7867419989912189,0.7862616563567537,0.692256022427007,0.7921775095198105,"{""toxic"": 0.5500000000000003, ""severe_toxic"": 0.7500000000000002, ""obscene"": 0.7250000000000003, ""threat"": 0.22500000000000003, ""insult"": 0.7250000000000003, ""identity_hate"": 0.8000000000000003}",2.5e-05,3,16,0.01,0.2,128,sqrt
20,3,0.06033496905765881,0.13320541567719146,0.7778162311818654,0.6881827833441468,0.7838610190979743,0.7896463725847612,0.7018462194493568,0.7932061355530768,"{""toxic"": 0.8000000000000003, ""severe_toxic"": 0.7000000000000003, ""obscene"": 0.6250000000000002, ""threat"": 0.9250000000000004, ""insult"": 0.6500000000000002, ""identity_hate"": 0.5500000000000003}",2.5e-05,3,16,0.01,0.2,128,sqrt
