trial,epoch,train_loss,val_loss,val_micro_f1_05,val_macro_f1_05,val_weighted_f1_05,val_micro_f1_tuned,val_macro_f1_tuned,val_weighted_f1_tuned,thresholds,learning_rate,epochs,batch_size,weight_decay,dropout,max_length,pos_weight_mode
29,1,0.6427656131477673,0.4102867576673398,0.7111872996944175,0.5917984788507257,0.7264992510255667,0.766601038124217,0.6506004985560186,0.7735031456319181,"{""toxic"": 0.8750000000000003, ""severe_toxic"": 0.9000000000000004, ""obscene"": 0.8500000000000003, ""threat"": 0.9500000000000004, ""insult"": 0.8500000000000003, ""identity_hate"": 0.7750000000000002}",3e-05,4,16,0.01,0.1,128,raw
29,2,0.45143905998395806,0.5128829499506946,0.7548593455261216,0.6644046885592564,0.7712755133634418,0.78362467167829,0.6945722380422241,0.7905545923795944,"{""toxic"": 0.7000000000000003, ""severe_toxic"": 0.9500000000000004, ""obscene"": 0.9000000000000004, ""threat"": 0.5000000000000002, ""insult"": 0.8250000000000003, ""identity_hate"": 0.8750000000000003}",3e-05,4,16,0.01,0.1,128,raw
29,3,0.27930417952592085,0.7523401302233471,0.7726767547234333,0.6946196704796384,0.776808356864264,0.7873482067212652,0.7092315386702732,0.7904528884873522,"{""toxic"": 0.9250000000000004, ""severe_toxic"": 0.6250000000000002, ""obscene"": 0.9000000000000004, ""threat"": 0.7500000000000002, ""insult"": 0.9500000000000004, ""identity_hate"": 0.8750000000000003}",3e-05,4,16,0.01,0.1,128,raw
29,4,0.1661563754885462,0.8856018853221614,0.7775217160078001,0.6938590584789553,0.781326427958348,0.7849281850401044,0.7056021819381794,0.7881750403186335,"{""toxic"": 0.9250000000000004, ""severe_toxic"": 0.6500000000000002, ""obscene"": 0.7250000000000003, ""threat"": 0.8500000000000003, ""insult"": 0.9250000000000004, ""identity_hate"": 0.6000000000000002}",3e-05,4,16,0.01,0.1,128,raw
