trial,epoch,train_loss,val_loss,val_micro_f1_05,val_macro_f1_05,val_weighted_f1_05,val_micro_f1_tuned,val_macro_f1_tuned,val_weighted_f1_tuned,thresholds,learning_rate,epochs,batch_size,weight_decay,dropout,max_length,pos_weight_mode
25,1,0.631532962734136,0.3720766842599652,0.7079103060404646,0.6036410374155491,0.7209752848859909,0.7724534747819832,0.6707350791861626,0.7811283796913346,"{""toxic"": 0.9250000000000004, ""severe_toxic"": 0.8750000000000003, ""obscene"": 0.9500000000000004, ""threat"": 0.9500000000000004, ""insult"": 0.8750000000000003, ""identity_hate"": 0.6500000000000002}",3e-05,3,16,0.01,0.1,128,raw
25,2,0.4087747706637269,0.4659530908651563,0.7491342514294919,0.6463351404889571,0.767915985661308,0.7835201895907392,0.6878596380957333,0.7886743347163924,"{""toxic"": 0.8500000000000003, ""severe_toxic"": 0.9500000000000004, ""obscene"": 0.7750000000000002, ""threat"": 0.8000000000000003, ""insult"": 0.9250000000000004, ""identity_hate"": 0.9500000000000004}",3e-05,3,16,0.01,0.1,128,raw
25,3,0.2514372857553337,0.6539397772971898,0.7684504184630991,0.6782706133245276,0.7744706820247791,0.7855421686746988,0.6984857400061485,0.7886629809722816,"{""toxic"": 0.9250000000000004, ""severe_toxic"": 0.9500000000000004, ""obscene"": 0.9250000000000004, ""threat"": 0.9500000000000004, ""insult"": 0.8500000000000003, ""identity_hate"": 0.6750000000000003}",3e-05,3,16,0.01,0.1,128,raw
