trial,epoch,train_loss,val_loss,val_micro_f1_05,val_macro_f1_05,val_weighted_f1_05,val_micro_f1_tuned,val_macro_f1_tuned,val_weighted_f1_tuned,thresholds,learning_rate,epochs,batch_size,weight_decay,dropout,max_length,pos_weight_mode
8,1,0.18855886829703372,0.11046206924481004,0.7680975361950724,0.6705535154465481,0.7742069335513716,0.7875590113857261,0.6929728409347585,0.7912174240825733,"{""toxic"": 0.7250000000000003, ""severe_toxic"": 0.6500000000000002, ""obscene"": 0.7250000000000003, ""threat"": 0.8000000000000003, ""insult"": 0.7500000000000002, ""identity_hate"": 0.4500000000000001}",1e-05,4,16,0.01,0.2,128,sqrt
8,2,0.09681773473396042,0.11115239081110707,0.7706359368331199,0.6780623772956621,0.7814001708397385,0.7892500923531585,0.7032307711882483,0.7933239125823148,"{""toxic"": 0.6250000000000002, ""severe_toxic"": 0.7250000000000003, ""obscene"": 0.7250000000000003, ""threat"": 0.2750000000000001, ""insult"": 0.7250000000000003, ""identity_hate"": 0.7750000000000002}",1e-05,4,16,0.01,0.2,128,sqrt
8,3,0.07389327614061862,0.12234529425698379,0.776287691124968,0.694480822456351,0.7807133671318967,0.7929734203991539,0.7110321654856349,0.7956416792922496,"{""toxic"": 0.8250000000000003, ""severe_toxic"": 0.7000000000000003, ""obscene"": 0.7000000000000003, ""threat"": 0.4250000000000001, ""insult"": 0.7500000000000002, ""identity_hate"": 0.6250000000000002}",1e-05,4,16,0.01,0.2,128,sqrt
8,4,0.057711214629718614,0.13075025900556,0.7780371811500216,0.6978850220559224,0.7833995301901698,0.7891871943906265,0.7087028455920299,0.7926302055456296,"{""toxic"": 0.9000000000000004, ""severe_toxic"": 0.6750000000000003, ""obscene"": 0.5750000000000002, ""threat"": 0.7500000000000002, ""insult"": 0.6500000000000002, ""identity_hate"": 0.8000000000000003}",1e-05,4,16,0.01,0.2,128,sqrt
