trial,epoch,train_loss,val_loss,val_micro_f1_05,val_macro_f1_05,val_weighted_f1_05,val_micro_f1_tuned,val_macro_f1_tuned,val_weighted_f1_tuned,thresholds,learning_rate,epochs,batch_size,weight_decay,dropout,max_length,pos_weight_mode
27,1,0.6319086693476028,0.3729417896505824,0.7136590081046918,0.594063537876623,0.7321000386168949,0.7661603673613564,0.6604007288247041,0.7771779231365356,"{""toxic"": 0.8750000000000003, ""severe_toxic"": 0.8750000000000003, ""obscene"": 0.9250000000000004, ""threat"": 0.9500000000000004, ""insult"": 0.8750000000000003, ""identity_hate"": 0.7750000000000002}",3e-05,3,16,0.01,0.2,128,raw
27,2,0.40937288103370273,0.513670199310893,0.753999837570048,0.6624585204832701,0.7707174214013403,0.782488733560195,0.6959218653116558,0.7902630924640187,"{""toxic"": 0.8250000000000003, ""severe_toxic"": 0.9250000000000004, ""obscene"": 0.9250000000000004, ""threat"": 0.4500000000000001, ""insult"": 0.9250000000000004, ""identity_hate"": 0.9250000000000004}",3e-05,3,16,0.01,0.2,128,raw
27,3,0.24093207021514934,0.6475079509462979,0.7692437542201216,0.6814146004738072,0.7754947740967051,0.7880733944954128,0.6954472553527727,0.7906073818709233,"{""toxic"": 0.8500000000000003, ""severe_toxic"": 0.9000000000000004, ""obscene"": 0.9000000000000004, ""threat"": 0.5750000000000002, ""insult"": 0.8750000000000003, ""identity_hate"": 0.8750000000000003}",3e-05,3,16,0.01,0.2,128,raw
