trial,epoch,train_loss,val_loss,val_micro_f1_05,val_macro_f1_05,val_weighted_f1_05,val_micro_f1_tuned,val_macro_f1_tuned,val_weighted_f1_tuned,thresholds,learning_rate,epochs,batch_size,weight_decay,dropout,max_length,pos_weight_mode
9,1,0.6135720083187655,0.40322911288201085,0.7284677111196026,0.6217595659693841,0.7408050032208309,0.7765071814106669,0.6721191732673351,0.7834410160167966,"{""toxic"": 0.8750000000000003, ""severe_toxic"": 0.8500000000000003, ""obscene"": 0.9500000000000004, ""threat"": 0.9500000000000004, ""insult"": 0.9000000000000004, ""identity_hate"": 0.7750000000000002}",2e-05,3,16,0.01,0.1,128,raw
9,2,0.38886269220492886,0.5356494723388475,0.7611509605078737,0.6663473870266844,0.7750510572682169,0.7864174117222071,0.6974563101597594,0.7910469205123647,"{""toxic"": 0.7000000000000003, ""severe_toxic"": 0.9000000000000004, ""obscene"": 0.8000000000000003, ""threat"": 0.8750000000000003, ""insult"": 0.8750000000000003, ""identity_hate"": 0.9000000000000004}",2e-05,3,16,0.01,0.1,128,raw
9,3,0.24526010066051504,0.5909261920776596,0.7622348766196253,0.6752441636600589,0.7693378583449578,0.7879065506184151,0.6996263859178148,0.7920437878298628,"{""toxic"": 0.9500000000000004, ""severe_toxic"": 0.9000000000000004, ""obscene"": 0.8750000000000003, ""threat"": 0.8750000000000003, ""insult"": 0.8000000000000003, ""identity_hate"": 0.8500000000000003}",2e-05,3,16,0.01,0.1,128,raw
