trial,epoch,train_loss,val_loss,val_micro_f1_05,val_macro_f1_05,val_weighted_f1_05,val_micro_f1_tuned,val_macro_f1_tuned,val_weighted_f1_tuned,thresholds,learning_rate,epochs,batch_size,weight_decay,dropout,max_length,pos_weight_mode
12,1,0.1664509279821,0.10380179324996021,0.7558073654390934,0.6567042636226823,0.7627851242239537,0.7830223880597015,0.6877786519656796,0.7909051892820292,"{""toxic"": 0.8250000000000003, ""severe_toxic"": 0.6000000000000002, ""obscene"": 0.8750000000000003, ""threat"": 0.7750000000000002, ""insult"": 0.7750000000000002, ""identity_hate"": 0.5500000000000003}",2e-05,3,16,0.01,0.2,128,sqrt
12,2,0.09088172200182239,0.1147051843919061,0.7740147249891728,0.6833947513370866,0.7859777203456891,0.7865707434052758,0.7006896275762432,0.7927915256308494,"{""toxic"": 0.6500000000000002, ""severe_toxic"": 0.7250000000000003, ""obscene"": 0.7000000000000003, ""threat"": 0.6750000000000003, ""insult"": 0.6500000000000002, ""identity_hate"": 0.7250000000000003}",2e-05,3,16,0.01,0.2,128,sqrt
12,3,0.06138779644059985,0.12810231764969868,0.7779791181292605,0.6956735694310439,0.7836986763580778,0.7943315308595935,0.7097679106522915,0.7955507590327912,"{""toxic"": 0.8250000000000003, ""severe_toxic"": 0.8250000000000003, ""obscene"": 0.6750000000000003, ""threat"": 0.8750000000000003, ""insult"": 0.7250000000000003, ""identity_hate"": 0.7750000000000002}",2e-05,3,16,0.01,0.2,128,sqrt
