trial,epoch,train_loss,val_loss,val_micro_f1_05,val_macro_f1_05,val_weighted_f1_05,val_micro_f1_tuned,val_macro_f1_tuned,val_weighted_f1_tuned,thresholds,learning_rate,epochs,batch_size,weight_decay,dropout,max_length,pos_weight_mode
16,1,0.17300932700744762,0.10631990127398054,0.7622144405536101,0.656733679092064,0.7694400088380383,0.7832282817210194,0.6868682832710019,0.7882640053801077,"{""toxic"": 0.7000000000000003, ""severe_toxic"": 0.6750000000000003, ""obscene"": 0.7500000000000002, ""threat"": 0.8750000000000003, ""insult"": 0.7000000000000003, ""identity_hate"": 0.4000000000000001}",2e-05,4,16,0.01,0.2,128,sqrt
16,2,0.09415554743406139,0.11810710012923178,0.770436145207626,0.6803220528898878,0.7826557266932491,0.7849848192105989,0.7019400484123487,0.7909112796418911,"{""toxic"": 0.5250000000000001, ""severe_toxic"": 0.6500000000000002, ""obscene"": 0.6500000000000002, ""threat"": 0.2750000000000001, ""insult"": 0.7500000000000002, ""identity_hate"": 0.7500000000000002}",2e-05,4,16,0.01,0.2,128,sqrt
16,3,0.06560184165653687,0.1460900996300192,0.7829035424288391,0.7020316417403651,0.7850141145943577,0.7877885331347729,0.7124646090212544,0.7922512731937267,"{""toxic"": 0.8250000000000003, ""severe_toxic"": 0.5000000000000002, ""obscene"": 0.6500000000000002, ""threat"": 0.2750000000000001, ""insult"": 0.6750000000000003, ""identity_hate"": 0.17500000000000004}",2e-05,4,16,0.01,0.2,128,sqrt
16,4,0.04323552641834193,0.15691647558620672,0.7770825884876653,0.694957654306279,0.7805249398379418,0.7857340848193661,0.7089315183699038,0.789966837672644,"{""toxic"": 0.8000000000000003, ""severe_toxic"": 0.4250000000000001, ""obscene"": 0.7000000000000003, ""threat"": 0.7000000000000003, ""insult"": 0.6250000000000002, ""identity_hate"": 0.7750000000000002}",2e-05,4,16,0.01,0.2,128,sqrt
