trial,epoch,train_loss,val_loss,val_micro_f1_05,val_macro_f1_05,val_weighted_f1_05,val_micro_f1_tuned,val_macro_f1_tuned,val_weighted_f1_tuned,thresholds,learning_rate,epochs,batch_size,weight_decay,dropout,max_length,pos_weight_mode
6,1,0.18684837787015407,0.11162560823576445,0.7728871728871729,0.6773280353569233,0.7781383571465148,0.7861706125516723,0.692175542525859,0.7906105989221498,"{""toxic"": 0.6750000000000003, ""severe_toxic"": 0.6250000000000002, ""obscene"": 0.8250000000000003, ""threat"": 0.5750000000000002, ""insult"": 0.7250000000000003, ""identity_hate"": 0.47500000000000014}",1e-05,4,16,0.01,0.1,128,sqrt
6,2,0.09617606884726466,0.11060708825831161,0.772432616854316,0.6810829770882951,0.7826280232787003,0.7899096385542169,0.7037522301071298,0.7936826174284042,"{""toxic"": 0.6500000000000002, ""severe_toxic"": 0.7250000000000003, ""obscene"": 0.7750000000000002, ""threat"": 0.4250000000000001, ""insult"": 0.8250000000000003, ""identity_hate"": 0.7250000000000003}",1e-05,4,16,0.01,0.1,128,sqrt
6,3,0.07328620805241245,0.12317509314012315,0.7763698630136986,0.6967002804588934,0.781172427668487,0.7940276360938514,0.7122157792023408,0.7959775747985735,"{""toxic"": 0.8250000000000003, ""severe_toxic"": 0.7750000000000002, ""obscene"": 0.7500000000000002, ""threat"": 0.8000000000000003, ""insult"": 0.7250000000000003, ""identity_hate"": 0.5500000000000003}",1e-05,4,16,0.01,0.1,128,sqrt
6,4,0.0572548235248965,0.13083758031741083,0.7776243093922652,0.6974580216952683,0.7829845453425284,0.7888135278268141,0.7081202474593868,0.7924427814635966,"{""toxic"": 0.8750000000000003, ""severe_toxic"": 0.7250000000000003, ""obscene"": 0.7000000000000003, ""threat"": 0.5750000000000002, ""insult"": 0.7750000000000002, ""identity_hate"": 0.5750000000000002}",1e-05,4,16,0.01,0.1,128,sqrt
