trial,epoch,train_loss,val_loss,val_micro_f1_05,val_macro_f1_05,val_weighted_f1_05,val_micro_f1_tuned,val_macro_f1_tuned,val_weighted_f1_tuned,thresholds,learning_rate,epochs,batch_size,weight_decay,dropout,max_length,pos_weight_mode
32,1,0.16941738537548,0.10818969313530588,0.7351709975515363,0.622954294928657,0.745803283229098,0.7669282715824055,0.6659920732933182,0.7732518364948683,"{""toxic"": 0.8000000000000003, ""severe_toxic"": 0.7500000000000002, ""obscene"": 0.8250000000000003, ""threat"": 0.9500000000000004, ""insult"": 0.7250000000000003, ""identity_hate"": 0.5500000000000003}",3e-05,4,16,0.01,0.2,128,sqrt
32,2,0.09651383483571722,0.11811550672427984,0.7712315614907916,0.6792389978784676,0.782238240970074,0.7840059790732437,0.6990833482516635,0.7885366885739508,"{""toxic"": 0.5750000000000002, ""severe_toxic"": 0.7750000000000002, ""obscene"": 0.7250000000000003, ""threat"": 0.22500000000000003, ""insult"": 0.7500000000000002, ""identity_hate"": 0.8000000000000003}",3e-05,4,16,0.01,0.2,128,sqrt
32,3,0.06576246648927962,0.1507627878878426,0.7840990667623834,0.6961515140116593,0.785165941590245,0.7861851267291802,0.7053292365008997,0.7897369164235124,"{""toxic"": 0.8500000000000003, ""severe_toxic"": 0.4250000000000001, ""obscene"": 0.5250000000000001, ""threat"": 0.3500000000000001, ""insult"": 0.6250000000000002, ""identity_hate"": 0.32500000000000007}",3e-05,4,16,0.01,0.2,128,sqrt
32,4,0.04030295466927923,0.17011635354919463,0.783390877703071,0.6938876352913517,0.7861751672192407,0.7857802400738689,0.7026322127948879,0.7899146361704878,"{""toxic"": 0.8250000000000003, ""severe_toxic"": 0.4500000000000001, ""obscene"": 0.5500000000000003, ""threat"": 0.8000000000000003, ""insult"": 0.47500000000000014, ""identity_hate"": 0.4250000000000001}",3e-05,4,16,0.01,0.2,128,sqrt
