trial,epoch,train_loss,val_loss,val_micro_f1_05,val_macro_f1_05,val_weighted_f1_05,val_micro_f1_tuned,val_macro_f1_tuned,val_weighted_f1_tuned,thresholds,learning_rate,epochs,batch_size,weight_decay,dropout,max_length,pos_weight_mode
26,1,0.16306104673923985,0.10645763461039474,0.7541147132169576,0.6462476338878012,0.7642481235777732,0.7782905667343548,0.6748656666117965,0.7829432007361468,"{""toxic"": 0.6750000000000003, ""severe_toxic"": 0.7500000000000002, ""obscene"": 0.7500000000000002, ""threat"": 0.9500000000000004, ""insult"": 0.7250000000000003, ""identity_hate"": 0.4500000000000001}",3e-05,3,16,0.01,0.1,128,sqrt
26,2,0.0925195678169673,0.11297297845757225,0.7696357306614587,0.6792462040915269,0.7821732954963913,0.7841218053289831,0.6988755875676312,0.7916523489026444,"{""toxic"": 0.6750000000000003, ""severe_toxic"": 0.7250000000000003, ""obscene"": 0.7000000000000003, ""threat"": 0.4000000000000001, ""insult"": 0.7000000000000003, ""identity_hate"": 0.7500000000000002}",3e-05,3,16,0.01,0.1,128,sqrt
26,3,0.05957672978203533,0.13640032560094714,0.777514689116899,0.6879100959470148,0.7832766465525288,0.7929049034175334,0.7010372158946492,0.7934507042133139,"{""toxic"": 0.8000000000000003, ""severe_toxic"": 0.8500000000000003, ""obscene"": 0.5750000000000002, ""threat"": 0.9000000000000004, ""insult"": 0.6250000000000002, ""identity_hate"": 0.7000000000000003}",3e-05,3,16,0.01,0.1,128,sqrt
