trial,epoch,train_loss,val_loss,val_micro_f1_05,val_macro_f1_05,val_weighted_f1_05,val_micro_f1_tuned,val_macro_f1_tuned,val_weighted_f1_tuned,thresholds,learning_rate,epochs,batch_size,weight_decay,dropout,max_length,pos_weight_mode
18,1,0.16311426730429,0.10173768380079119,0.7448666509322633,0.6457547949871212,0.7525380732843118,0.7783566401608628,0.6829431558877929,0.7873907615422365,"{""toxic"": 0.8250000000000003, ""severe_toxic"": 0.5500000000000003, ""obscene"": 0.8500000000000003, ""threat"": 0.9500000000000004, ""insult"": 0.8000000000000003, ""identity_hate"": 0.6000000000000002}",2.5e-05,3,16,0.01,0.1,128,sqrt
18,2,0.09122674367013082,0.11801317432408319,0.7733819191393372,0.6833904290941408,0.7861167385118863,0.7853197266173579,0.6999752474390631,0.7926647932921845,"{""toxic"": 0.6500000000000002, ""severe_toxic"": 0.7000000000000003, ""obscene"": 0.7500000000000002, ""threat"": 0.3750000000000001, ""insult"": 0.8000000000000003, ""identity_hate"": 0.7750000000000002}",2.5e-05,3,16,0.01,0.1,128,sqrt
18,3,0.06016202380667991,0.13503158347707855,0.7812280701754386,0.6934212123124363,0.7862121748427413,0.7935495626822158,0.7038925595413609,0.7939964340557882,"{""toxic"": 0.6500000000000002, ""severe_toxic"": 0.8750000000000003, ""obscene"": 0.6500000000000002, ""threat"": 0.8500000000000003, ""insult"": 0.5000000000000002, ""identity_hate"": 0.5250000000000001}",2.5e-05,3,16,0.01,0.1,128,sqrt
