trial,epoch,train_loss,val_loss,val_micro_f1_05,val_macro_f1_05,val_weighted_f1_05,val_micro_f1_tuned,val_macro_f1_tuned,val_weighted_f1_tuned,thresholds,learning_rate,epochs,batch_size,weight_decay,dropout,max_length,pos_weight_mode
30,1,0.16784814938296802,0.10500043723685543,0.7420377119315481,0.6379973491680687,0.7507513451075627,0.7721844571008635,0.6741640803672365,0.7797127344167806,"{""toxic"": 0.8000000000000003, ""severe_toxic"": 0.7000000000000003, ""obscene"": 0.8750000000000003, ""threat"": 0.9000000000000004, ""insult"": 0.7750000000000002, ""identity_hate"": 0.4000000000000001}",3e-05,4,16,0.01,0.1,128,sqrt
30,2,0.09663702923348931,0.12135633711295668,0.7679112882266309,0.6661596806503022,0.7812404637184892,0.7836517103509552,0.6992224496442997,0.7894351136399758,"{""toxic"": 0.47500000000000014, ""severe_toxic"": 0.7250000000000003, ""obscene"": 0.5750000000000002, ""threat"": 0.17500000000000004, ""insult"": 0.5000000000000002, ""identity_hate"": 0.7500000000000002}",3e-05,4,16,0.01,0.1,128,sqrt
30,3,0.06460174965578723,0.1558134168466845,0.7794394197188144,0.6827478090518436,0.7811072859483831,0.7842235910637124,0.6983329673591715,0.7893764511173451,"{""toxic"": 0.8250000000000003, ""severe_toxic"": 0.3750000000000001, ""obscene"": 0.6250000000000002, ""threat"": 0.17500000000000004, ""insult"": 0.6500000000000002, ""identity_hate"": 0.20000000000000007}",3e-05,4,16,0.01,0.1,128,sqrt
30,4,0.04001332458513466,0.17365695687247956,0.7807057536245099,0.6930072761627373,0.7830867879567599,0.7833056937534549,0.7044033762459992,0.7873132232541707,"{""toxic"": 0.8500000000000003, ""severe_toxic"": 0.4500000000000001, ""obscene"": 0.47500000000000014, ""threat"": 0.7750000000000002, ""insult"": 0.3500000000000001, ""identity_hate"": 0.4000000000000001}",3e-05,4,16,0.01,0.1,128,sqrt
