trial,epoch,train_loss,val_loss,val_micro_f1_05,val_macro_f1_05,val_weighted_f1_05,val_micro_f1_tuned,val_macro_f1_tuned,val_weighted_f1_tuned,thresholds,learning_rate,epochs,batch_size,weight_decay,dropout,max_length,pos_weight_mode
1,1,0.6110727883236036,0.4012703699728083,0.7276456734786902,0.6196346720245804,0.7410625175291065,0.7823047916858272,0.6877709209401139,0.7885423615531546,"{""toxic"": 0.8750000000000003, ""severe_toxic"": 0.8750000000000003, ""obscene"": 0.9250000000000004, ""threat"": 0.9500000000000004, ""insult"": 0.9250000000000004, ""identity_hate"": 0.7500000000000002}",1e-05,3,16,0.01,0.1,128,raw
1,2,0.385266439619488,0.45644072700940247,0.7431077694235589,0.6526501881682475,0.7554298708997299,0.791504359117047,0.7040312824632723,0.794098235250856,"{""toxic"": 0.8250000000000003, ""severe_toxic"": 0.9500000000000004, ""obscene"": 0.9500000000000004, ""threat"": 0.9250000000000004, ""insult"": 0.9250000000000004, ""identity_hate"": 0.9500000000000004}",1e-05,3,16,0.01,0.1,128,raw
1,3,0.28292340470189953,0.4902206401579642,0.7485148514851485,0.653941702086837,0.7590661508950396,0.7922269294529379,0.7043466211200885,0.7957515297180208,"{""toxic"": 0.9250000000000004, ""severe_toxic"": 0.9250000000000004, ""obscene"": 0.9250000000000004, ""threat"": 0.9250000000000004, ""insult"": 0.9250000000000004, ""identity_hate"": 0.9500000000000004}",1e-05,3,16,0.01,0.1,128,raw
