trial,epoch,train_loss,val_loss,val_micro_f1_05,val_macro_f1_05,val_weighted_f1_05,val_micro_f1_tuned,val_macro_f1_tuned,val_weighted_f1_tuned,thresholds,learning_rate,epochs,batch_size,weight_decay,dropout,max_length,pos_weight_mode
31,1,0.6400938197689839,0.3906293522211241,0.7255098114659484,0.6064480111304881,0.7411247171247051,0.7736464448793215,0.6643685128308894,0.7784794247900091,"{""toxic"": 0.8500000000000003, ""severe_toxic"": 0.9500000000000004, ""obscene"": 0.9250000000000004, ""threat"": 0.9500000000000004, ""insult"": 0.8500000000000003, ""identity_hate"": 0.8750000000000003}",3e-05,4,16,0.01,0.2,128,raw
31,2,0.43220635332746626,0.4818700016321746,0.7537745858157185,0.6578217473240601,0.7694164824300558,0.7774917901837224,0.6838848039357073,0.7854377326084273,"{""toxic"": 0.7250000000000003, ""severe_toxic"": 0.8250000000000003, ""obscene"": 0.8250000000000003, ""threat"": 0.9000000000000004, ""insult"": 0.7750000000000002, ""identity_hate"": 0.9250000000000004}",3e-05,4,16,0.01,0.2,128,raw
31,3,0.27810809852850715,0.7977808984721966,0.7748225434020354,0.6930714958597058,0.778215264624267,0.7864330972791651,0.7023588369952202,0.7904051549285354,"{""toxic"": 0.9500000000000004, ""severe_toxic"": 0.5000000000000002, ""obscene"": 0.8750000000000003, ""threat"": 0.47500000000000014, ""insult"": 0.8500000000000003, ""identity_hate"": 0.9250000000000004}",3e-05,4,16,0.01,0.2,128,raw
31,4,0.1680014968348184,0.8483489377586254,0.7793328052108089,0.6913376826672101,0.7830468930671047,0.7853949329359166,0.7028820789680648,0.7899993609659167,"{""toxic"": 0.9500000000000004, ""severe_toxic"": 0.3750000000000001, ""obscene"": 0.8500000000000003, ""threat"": 0.4250000000000001, ""insult"": 0.8500000000000003, ""identity_hate"": 0.9250000000000004}",3e-05,4,16,0.01,0.2,128,raw
