trial,epoch,train_loss,val_loss,val_micro_f1_05,val_macro_f1_05,val_weighted_f1_05,val_micro_f1_tuned,val_macro_f1_tuned,val_weighted_f1_tuned,thresholds,learning_rate,epochs,batch_size,weight_decay,dropout,max_length,pos_weight_mode
35,1,0.819402318423558,0.7898751082667103,0.7659920491507047,0.6531266778513389,0.769130034257035,0.7733533214653799,0.6719479403028034,0.7771372059314648,"{""toxic"": 0.5250000000000001, ""severe_toxic"": 0.5000000000000002, ""obscene"": 0.8500000000000003, ""threat"": 0.8250000000000003, ""insult"": 0.7250000000000003, ""identity_hate"": 0.32500000000000007}",2.5e-05,3,8,0.01,0.2,256,raw
35,2,0.5720349953131165,0.7019320264947391,0.7821493624772313,0.6829549326977266,0.7890157632921307,0.7894300708958659,0.6959958394589152,0.793982133652019,"{""toxic"": 0.5250000000000001, ""severe_toxic"": 0.5750000000000002, ""obscene"": 0.6750000000000003, ""threat"": 0.8250000000000003, ""insult"": 0.3750000000000001, ""identity_hate"": 0.7750000000000002}",2.5e-05,3,8,0.01,0.2,256,raw
35,3,0.3605534816424375,0.8009638831899257,0.783633963924329,0.6898536358508043,0.7872937360029358,0.7921547262326342,0.7042359491982083,0.7964217962916479,"{""toxic"": 0.9250000000000004, ""severe_toxic"": 0.6000000000000002, ""obscene"": 0.8000000000000003, ""threat"": 0.9500000000000004, ""insult"": 0.4500000000000001, ""identity_hate"": 0.4500000000000001}",2.5e-05,3,8,0.01,0.2,256,raw
