trial,epoch,train_loss,val_loss,val_micro_f1_05,val_macro_f1_05,val_weighted_f1_05,val_micro_f1_tuned,val_macro_f1_tuned,val_weighted_f1_tuned,thresholds,learning_rate,epochs,batch_size,weight_decay,dropout,max_length,pos_weight_mode
13,1,0.6273494880237697,0.3790731592334802,0.7176812458088071,0.6135538073873524,0.730873506746474,0.7778973806960889,0.6769678636394373,0.7850483612037562,"{""toxic"": 0.8750000000000003, ""severe_toxic"": 0.9000000000000004, ""obscene"": 0.9250000000000004, ""threat"": 0.9000000000000004, ""insult"": 0.9000000000000004, ""identity_hate"": 0.8500000000000003}",2e-05,4,16,0.01,0.1,128,raw
13,2,0.4096327506453818,0.5423954001466469,0.7578497451915174,0.6596228576662675,0.7749309119932375,0.7841544847500451,0.6899189673460661,0.7898254615469648,"{""toxic"": 0.5750000000000002, ""severe_toxic"": 0.9250000000000004, ""obscene"": 0.9000000000000004, ""threat"": 0.5250000000000001, ""insult"": 0.8500000000000003, ""identity_hate"": 0.9250000000000004}",2e-05,4,16,0.01,0.1,128,raw
13,3,0.26937295565648106,0.7663006586263948,0.774503084304318,0.6920404013043656,0.7792333248837444,0.7858263357017625,0.7067645099929806,0.791448421614241,"{""toxic"": 0.9250000000000004, ""severe_toxic"": 0.5750000000000002, ""obscene"": 0.8500000000000003, ""threat"": 0.5500000000000003, ""insult"": 0.7750000000000002, ""identity_hate"": 0.7750000000000002}",2e-05,4,16,0.01,0.1,128,raw
13,4,0.17077705956331643,0.7994632402718863,0.7742775318927363,0.6865094912777062,0.7790676773370198,0.786834427425237,0.6985248348511578,0.7894314130611311,"{""toxic"": 0.9250000000000004, ""severe_toxic"": 0.9250000000000004, ""obscene"": 0.7750000000000002, ""threat"": 0.9250000000000004, ""insult"": 0.4500000000000001, ""identity_hate"": 0.6750000000000003}",2e-05,4,16,0.01,0.1,128,raw
