trial,epoch,train_loss,val_loss,val_micro_f1_05,val_macro_f1_05,val_weighted_f1_05,val_micro_f1_tuned,val_macro_f1_tuned,val_weighted_f1_tuned,thresholds,learning_rate,epochs,batch_size,weight_decay,dropout,max_length,pos_weight_mode
5,1,0.6213741700322506,0.42281355386858877,0.7319667077681874,0.6247887522431457,0.7457612186011221,0.7843907916900618,0.6858069933140899,0.788248174186413,"{""toxic"": 0.8500000000000003, ""severe_toxic"": 0.9000000000000004, ""obscene"": 0.9250000000000004, ""threat"": 0.9500000000000004, ""insult"": 0.9250000000000004, ""identity_hate"": 0.8250000000000003}",1e-05,4,16,0.01,0.1,128,raw
5,2,0.39783456674405815,0.4797215397264416,0.7516035920461834,0.6565259287646176,0.7643262848748557,0.7900028187541107,0.7034232841709556,0.7930031486942254,"{""toxic"": 0.8750000000000003, ""severe_toxic"": 0.9500000000000004, ""obscene"": 0.9250000000000004, ""threat"": 0.9250000000000004, ""insult"": 0.9000000000000004, ""identity_hate"": 0.9500000000000004}",1e-05,4,16,0.01,0.1,128,raw
5,3,0.2919706677334038,0.5659377242003572,0.755551966405556,0.6730486671569672,0.7627958859891281,0.7897774113767518,0.7077141413910054,0.7935447711991953,"{""toxic"": 0.9250000000000004, ""severe_toxic"": 0.9250000000000004, ""obscene"": 0.9500000000000004, ""threat"": 0.9250000000000004, ""insult"": 0.8250000000000003, ""identity_hate"": 0.7500000000000002}",1e-05,4,16,0.01,0.1,128,raw
5,4,0.21821147231731422,0.5975738160429602,0.7625092737614376,0.6746583061249701,0.7703088974760611,0.7904700341675132,0.7083800767896152,0.7945209265165712,"{""toxic"": 0.9500000000000004, ""severe_toxic"": 0.8750000000000003, ""obscene"": 0.9250000000000004, ""threat"": 0.9500000000000004, ""insult"": 0.8500000000000003, ""identity_hate"": 0.9000000000000004}",1e-05,4,16,0.01,0.1,128,raw
