trial,epoch,train_loss,val_loss,val_micro_f1_05,val_macro_f1_05,val_weighted_f1_05,val_micro_f1_tuned,val_macro_f1_tuned,val_weighted_f1_tuned,thresholds,learning_rate,epochs,batch_size,weight_decay,dropout,max_length,pos_weight_mode
33,1,0.796447462973518,0.5700338865516871,0.7625814091178212,0.6539891624880739,0.7689131959079599,0.7783702872111516,0.6781575755555965,0.7838815541639825,"{""toxic"": 0.8000000000000003, ""severe_toxic"": 0.6000000000000002, ""obscene"": 0.9250000000000004, ""threat"": 0.9500000000000004, ""insult"": 0.8500000000000003, ""identity_hate"": 0.4250000000000001}",2e-05,3,8,0.01,0.2,256,raw
33,2,0.544417034230761,0.6154790178776132,0.7853431284716,0.6928715770695858,0.7916471523335348,0.7912371134020618,0.7044404525706032,0.7971641947613859,"{""toxic"": 0.6500000000000002, ""severe_toxic"": 0.4250000000000001, ""obscene"": 0.7500000000000002, ""threat"": 0.8750000000000003, ""insult"": 0.6000000000000002, ""identity_hate"": 0.8250000000000003}",2e-05,3,8,0.01,0.2,256,raw
33,3,0.3348201870809212,0.7469991460799347,0.790195044807591,0.7039994477950929,0.7938933117968048,0.7975638578311063,0.7170606917984156,0.8001928084742903,"{""toxic"": 0.9250000000000004, ""severe_toxic"": 0.6750000000000003, ""obscene"": 0.7000000000000003, ""threat"": 0.9500000000000004, ""insult"": 0.47500000000000014, ""identity_hate"": 0.7250000000000003}",2e-05,3,8,0.01,0.2,256,raw
