Model,Best Trial,Max Features,Ngram Range,C,Class Weight,Validation Macro F1,Test Micro F1,Test Macro F1,Test Weighted F1,Test Macro Precision,Test Macro Recall
Logistic Regression,17,100000,"(1, 1)",2.0,,0.48873293986402205,0.6053399474759265,0.49601172075782674,0.7218115904678624,0.4501398505224592,0.8351576122842541
Linear SVM,20,100000,"(1, 2)",0.5,balanced,0.6087775119231845,0.719609827919389,0.591872565992057,0.7295383870619728,0.5606650470870173,0.6497239625111498
