{
    "toxic": 0.21947548527285965,
    "severe_toxic": 0.014013184467926041,
    "obscene": 0.2220450564139374,
    "threat": 0.004624132237173895,
    "insult": 0.21784006545026174,
    "identity_hate": 0.017391145668976028
}