{
    "toxic": 0.09747756258528467,
    "severe_toxic": 0.0,
    "obscene": 0.270708675316496,
    "threat": 0.0,
    "insult": 0.250074019780735,
    "identity_hate": 0.0
}