{
    "micro_precision": 0.6979650124955373,
    "micro_recall": 0.7426400759734093,
    "micro_f1": 0.719609827919389,
    "macro_precision": 0.5606650470870173,
    "macro_recall": 0.6497239625111498,
    "macro_f1": 0.591872565992057,
    "weighted_precision": 0.7237491739620032,
    "weighted_recall": 0.7426400759734093,
    "weighted_f1": 0.7295383870619728
}