Model,Micro F1,Macro F1,Weighted F1,Macro Precision,Macro Recall
Logistic Regression,0.6053399474759265,0.49601172075782674,0.7218115904678624,0.4501398505224592,0.8351576122842541
Linear SVM,0.719609827919389,0.591872565992057,0.7295383870619728,0.5606650470870173,0.6497239625111498
BERT,0.7950819672131147,0.6860518608141613,0.7976737577402302,0.6497816516129475,0.7296368520925783
RoBERTa,0.7959126799814212,0.6855548003051025,0.7977047669135654,0.6582855847474857,0.716975243144436
