{
    "toxic": 0.8750000000000003,
    "severe_toxic": 0.8500000000000003,
    "obscene": 0.8250000000000003,
    "threat": 0.6500000000000002,
    "insult": 0.8250000000000003,
    "identity_hate": 0.5750000000000002
}