{
    "micro_precision": 0.7789090909090909,
    "micro_recall": 0.8136752136752137,
    "micro_f1": 0.7959126799814212,
    "macro_precision": 0.6582855847474857,
    "macro_recall": 0.716975243144436,
    "macro_f1": 0.6855548003051025,
    "weighted_precision": 0.7833240384482739,
    "weighted_recall": 0.8136752136752137,
    "weighted_f1": 0.7977047669135654,
    "test_loss": 0.13279489233372002
}