trial,epoch,train_loss,val_loss,val_micro_f1_05,val_macro_f1_05,val_weighted_f1_05,val_micro_f1_tuned,val_macro_f1_tuned,val_weighted_f1_tuned,thresholds,learning_rate,epochs,batch_size,weight_decay,dropout,max_length,pos_weight_mode
8,1,0.19103913669135625,0.11731902264406979,0.7595021301478573,0.6574752623026923,0.7663258765486383,0.7811629203046628,0.6749064200407267,0.7856782255151343,"{""toxic"": 0.8000000000000003, ""severe_toxic"": 0.5000000000000002, ""obscene"": 0.8500000000000003, ""threat"": 0.47500000000000014, ""insult"": 0.8500000000000003, ""identity_hate"": 0.8750000000000003}",1e-05,3,8,0.01,0.2,256,sqrt
8,2,0.11869564530178706,0.11820839264654104,0.7786802030456853,0.688102122560606,0.7834672341543168,0.7934653646071005,0.7029129852626813,0.7979652180778711,"{""toxic"": 0.8000000000000003, ""severe_toxic"": 0.5000000000000002, ""obscene"": 0.8500000000000003, ""threat"": 0.4500000000000001, ""insult"": 0.8750000000000003, ""identity_hate"": 0.6750000000000003}",1e-05,3,8,0.01,0.2,256,sqrt
8,3,0.09246712058708578,0.12601148421998656,0.780555076710912,0.6863619882833688,0.7857941707394636,0.7965944845456228,0.7055122425071252,0.7977022120037446,"{""toxic"": 0.7250000000000003, ""severe_toxic"": 0.8250000000000003, ""obscene"": 0.8750000000000003, ""threat"": 0.7750000000000002, ""insult"": 0.8500000000000003, ""identity_hate"": 0.7750000000000002}",1e-05,3,8,0.01,0.2,256,sqrt
