trial,epoch,train_loss,val_loss,val_micro_f1_05,val_macro_f1_05,val_weighted_f1_05,val_micro_f1_tuned,val_macro_f1_tuned,val_weighted_f1_tuned,thresholds,learning_rate,epochs,batch_size,weight_decay,dropout,max_length,pos_weight_mode
4,1,0.7257873197348599,0.4021436765358564,0.6825129715327444,0.5778500634344707,0.7076209815770081,0.7750613469053894,0.6677456332644048,0.7798875267594909,"{""toxic"": 0.8750000000000003, ""severe_toxic"": 0.9500000000000004, ""obscene"": 0.9500000000000004, ""threat"": 0.9250000000000004, ""insult"": 0.9500000000000004, ""identity_hate"": 0.9500000000000004}",2e-05,3,16,0.01,0.2,128,raw
4,2,0.4849426722569295,0.48195814544239757,0.7451317744584344,0.6621852589085836,0.7554902836020677,0.7866086009798585,0.6973361434484282,0.7881750741388894,"{""toxic"": 0.8500000000000003, ""severe_toxic"": 0.9500000000000004, ""obscene"": 0.9250000000000004, ""threat"": 0.9000000000000004, ""insult"": 0.9500000000000004, ""identity_hate"": 0.9500000000000004}",2e-05,3,16,0.01,0.2,128,raw
4,3,0.3529898792139228,0.541204883291532,0.7529979879275653,0.6666748205839751,0.7631388196204583,0.7865964402470033,0.7033589043084206,0.7922453871858881,"{""toxic"": 0.9250000000000004, ""severe_toxic"": 0.9250000000000004, ""obscene"": 0.9500000000000004, ""threat"": 0.9500000000000004, ""insult"": 0.8500000000000003, ""identity_hate"": 0.9500000000000004}",2e-05,3,16,0.01,0.2,128,raw
