trial,epoch,train_loss,val_loss,val_micro_f1_05,val_macro_f1_05,val_weighted_f1_05,val_micro_f1_tuned,val_macro_f1_tuned,val_weighted_f1_tuned,thresholds,learning_rate,epochs,batch_size,weight_decay,dropout,max_length,pos_weight_mode
10,1,0.18964604336168028,0.13116730810580193,0.7513155661178068,0.6473866994568956,0.7619293973544217,0.7744360902255639,0.6767783036812635,0.7779502901177636,"{""toxic"": 0.4500000000000001, ""severe_toxic"": 0.6500000000000002, ""obscene"": 0.8750000000000003, ""threat"": 0.2750000000000001, ""insult"": 0.8250000000000003, ""identity_hate"": 0.8250000000000003}",2e-05,3,8,0.01,0.2,256,sqrt
10,2,0.12200678485707503,0.12234421341503168,0.7697715289982425,0.6764216532354723,0.774179555581559,0.7937592319054653,0.699747516098665,0.7946646437333941,"{""toxic"": 0.8250000000000003, ""severe_toxic"": 0.7500000000000002, ""obscene"": 0.8000000000000003, ""threat"": 0.3750000000000001, ""insult"": 0.9250000000000004, ""identity_hate"": 0.47500000000000014}",2e-05,3,8,0.01,0.2,256,sqrt
10,3,0.08872744051818754,0.1326013137324461,0.7830990803401007,0.6953687924539733,0.7885508348990734,0.7960374039440793,0.7069327756778344,0.798588052257739,"{""toxic"": 0.8750000000000003, ""severe_toxic"": 0.8500000000000003, ""obscene"": 0.8250000000000003, ""threat"": 0.6500000000000002, ""insult"": 0.8250000000000003, ""identity_hate"": 0.5750000000000002}",2e-05,3,8,0.01,0.2,256,sqrt
