trial,epoch,train_loss,val_loss,val_micro_f1_05,val_macro_f1_05,val_weighted_f1_05,val_micro_f1_tuned,val_macro_f1_tuned,val_weighted_f1_tuned,thresholds,learning_rate,epochs,batch_size,weight_decay,dropout,max_length,pos_weight_mode
3,1,0.721913360623197,0.4469478165608349,0.6986030863746069,0.5916759651723665,0.7212672898798549,0.774270508350156,0.6656141643136828,0.7795708405834152,"{""toxic"": 0.8750000000000003, ""severe_toxic"": 0.9000000000000004, ""obscene"": 0.9250000000000004, ""threat"": 0.7250000000000003, ""insult"": 0.9500000000000004, ""identity_hate"": 0.9500000000000004}",2e-05,3,16,0.01,0.1,128,raw
3,2,0.4859077101889063,0.465127706943529,0.737356500155135,0.6487757195772262,0.7493142545467464,0.7848894458866709,0.6973996438432986,0.7905004403387202,"{""toxic"": 0.8750000000000003, ""severe_toxic"": 0.9000000000000004, ""obscene"": 0.9250000000000004, ""threat"": 0.8250000000000003, ""insult"": 0.9500000000000004, ""identity_hate"": 0.9000000000000004}",2e-05,3,16,0.01,0.1,128,raw
3,3,0.35169768059263806,0.5363635201819389,0.7553793884484711,0.663696606732661,0.7654195416602957,0.7926258827845547,0.7007640410380761,0.7964209228744552,"{""toxic"": 0.9250000000000004, ""severe_toxic"": 0.9500000000000004, ""obscene"": 0.9000000000000004, ""threat"": 0.9250000000000004, ""insult"": 0.9500000000000004, ""identity_hate"": 0.9500000000000004}",2e-05,3,16,0.01,0.1,128,raw
