trial,epoch,train_loss,val_loss,val_micro_f1_05,val_macro_f1_05,val_weighted_f1_05,val_micro_f1_tuned,val_macro_f1_tuned,val_weighted_f1_tuned,thresholds,learning_rate,epochs,batch_size,weight_decay,dropout,max_length,pos_weight_mode
9,1,1.005847703432114,0.6220260087532109,0.7382627187960085,0.6366934819502496,0.7560617793967646,0.7735222889945287,0.6700031161634524,0.7804538306302926,"{""toxic"": 0.32500000000000007, ""severe_toxic"": 0.6500000000000002, ""obscene"": 0.9500000000000004, ""threat"": 0.32500000000000007, ""insult"": 0.9500000000000004, ""identity_hate"": 0.8750000000000003}",2e-05,3,8,0.01,0.2,256,raw
9,2,0.6634924974513471,0.6319654435487378,0.7558393275680918,0.6711143883330518,0.7629683558028305,0.7912915671504684,0.6996322007236319,0.7923292085347633,"{""toxic"": 0.9250000000000004, ""severe_toxic"": 0.9500000000000004, ""obscene"": 0.9500000000000004, ""threat"": 0.8750000000000003, ""insult"": 0.9500000000000004, ""identity_hate"": 0.7500000000000002}",2e-05,3,8,0.01,0.2,256,raw
9,3,0.49342788179276437,0.6555751500276927,0.7752293577981652,0.6825077912771239,0.7814786155520957,0.79133894697881,0.7020763652066874,0.7936867597310329,"{""toxic"": 0.9500000000000004, ""severe_toxic"": 0.9000000000000004, ""obscene"": 0.9500000000000004, ""threat"": 0.6500000000000002, ""insult"": 0.9250000000000004, ""identity_hate"": 0.9500000000000004}",2e-05,3,8,0.01,0.2,256,raw
