trial,epoch,train_loss,val_loss,val_micro_f1_05,val_macro_f1_05,val_weighted_f1_05,val_micro_f1_tuned,val_macro_f1_tuned,val_weighted_f1_tuned,thresholds,learning_rate,epochs,batch_size,weight_decay,dropout,max_length,pos_weight_mode
12,1,0.19231031062004084,0.1466008882450885,0.7450126317623487,0.628989546717491,0.7580397894224196,0.7693288407248885,0.6542636359502095,0.7749330992703742,"{""toxic"": 0.3000000000000001, ""severe_toxic"": 0.6000000000000002, ""obscene"": 0.9000000000000004, ""threat"": 0.15000000000000002, ""insult"": 0.7500000000000002, ""identity_hate"": 0.9250000000000004}",2.5e-05,3,8,0.01,0.2,256,sqrt
12,2,0.125990142485144,0.12125917722317155,0.7719533674410802,0.6796496693650669,0.776105791521598,0.785864689187952,0.6969726441371594,0.7923022272424262,"{""toxic"": 0.9000000000000004, ""severe_toxic"": 0.4500000000000001, ""obscene"": 0.8500000000000003, ""threat"": 0.25000000000000006, ""insult"": 0.8750000000000003, ""identity_hate"": 0.5000000000000002}",2.5e-05,3,8,0.01,0.2,256,sqrt
12,3,0.09310418417022559,0.13548212541717414,0.7842411422527763,0.6875994704057097,0.7898388557353921,0.7931320963721961,0.7037207981023695,0.7970437596813172,"{""toxic"": 0.7250000000000003, ""severe_toxic"": 0.7500000000000002, ""obscene"": 0.8750000000000003, ""threat"": 0.9000000000000004, ""insult"": 0.6500000000000002, ""identity_hate"": 0.4500000000000001}",2.5e-05,3,8,0.01,0.2,256,sqrt
