trial,epoch,train_loss,val_loss,val_micro_f1_05,val_macro_f1_05,val_weighted_f1_05,val_micro_f1_tuned,val_macro_f1_tuned,val_weighted_f1_tuned,thresholds,learning_rate,epochs,batch_size,weight_decay,dropout,max_length,pos_weight_mode
5,1,0.7376561121907174,0.4581338462348527,0.6920146520146521,0.5887164664223435,0.7224276538576856,0.7570044052863436,0.6511279070457138,0.7707230618663873,"{""toxic"": 0.8000000000000003, ""severe_toxic"": 0.8750000000000003, ""obscene"": 0.9250000000000004, ""threat"": 0.4250000000000001, ""insult"": 0.9500000000000004, ""identity_hate"": 0.9250000000000004}",2.5e-05,3,16,0.01,0.1,128,raw
5,2,0.48513835966331625,0.5185719688241196,0.7448188577756684,0.6616586432838639,0.7544574507503374,0.7794862518089725,0.6915443648158545,0.7853052533189018,"{""toxic"": 0.9250000000000004, ""severe_toxic"": 0.8000000000000003, ""obscene"": 0.8750000000000003, ""threat"": 0.8750000000000003, ""insult"": 0.9250000000000004, ""identity_hate"": 0.8000000000000003}",2.5e-05,3,16,0.01,0.1,128,raw
5,3,0.34633924608734323,0.5407525149284458,0.7573004542504866,0.6674983745572426,0.7681109479973152,0.7877786952931461,0.7055349793576412,0.7925623239530919,"{""toxic"": 0.9500000000000004, ""severe_toxic"": 0.9500000000000004, ""obscene"": 0.8500000000000003, ""threat"": 0.9500000000000004, ""insult"": 0.9250000000000004, ""identity_hate"": 0.8500000000000003}",2.5e-05,3,16,0.01,0.1,128,raw
