trial,epoch,train_loss,val_loss,val_micro_f1_05,val_macro_f1_05,val_weighted_f1_05,val_micro_f1_tuned,val_macro_f1_tuned,val_weighted_f1_tuned,thresholds,learning_rate,epochs,batch_size,weight_decay,dropout,max_length,pos_weight_mode
1,1,0.7059831236776838,0.4175510931983254,0.6932914195899121,0.5940138832165052,0.7143761714734039,0.7728450200982582,0.6651607431228176,0.7797680945075298,"{""toxic"": 0.8750000000000003, ""severe_toxic"": 0.9500000000000004, ""obscene"": 0.9500000000000004, ""threat"": 0.4500000000000001, ""insult"": 0.9500000000000004, ""identity_hate"": 0.9000000000000004}",1e-05,3,16,0.01,0.1,128,raw
1,2,0.4765997012091795,0.48217505046667936,0.7438508538304872,0.6551807039960733,0.7570168420854826,0.7872627507421067,0.6963763873332476,0.7916877394353016,"{""toxic"": 0.8500000000000003, ""severe_toxic"": 0.9250000000000004, ""obscene"": 0.9500000000000004, ""threat"": 0.9250000000000004, ""insult"": 0.9000000000000004, ""identity_hate"": 0.9000000000000004}",1e-05,3,16,0.01,0.1,128,raw
1,3,0.36935735201829656,0.4640078825063233,0.7482682619647355,0.6564545428662255,0.7610323169856198,0.7870175116897405,0.6954783868378845,0.7932697559914096,"{""toxic"": 0.9500000000000004, ""severe_toxic"": 0.9500000000000004, ""obscene"": 0.9250000000000004, ""threat"": 0.9500000000000004, ""insult"": 0.9500000000000004, ""identity_hate"": 0.8750000000000003}",1e-05,3,16,0.01,0.1,128,raw
