trial,epoch,train_loss,val_loss,val_micro_f1_05,val_macro_f1_05,val_weighted_f1_05,val_micro_f1_tuned,val_macro_f1_tuned,val_weighted_f1_tuned,thresholds,learning_rate,epochs,batch_size,weight_decay,dropout,max_length,pos_weight_mode
11,1,1.0496160018442537,0.6567494959846643,0.7047425580123448,0.5859074473870592,0.7349984380134151,0.7619469811153471,0.6462167730482457,0.7676864719877525,"{""toxic"": 0.6250000000000002, ""severe_toxic"": 0.8500000000000003, ""obscene"": 0.9500000000000004, ""threat"": 0.2750000000000001, ""insult"": 0.8750000000000003, ""identity_hate"": 0.9500000000000004}",2.5e-05,3,8,0.01,0.2,256,raw
11,2,0.7195769028405891,0.9561758204666776,0.7516259158639993,0.6381646775637453,0.7541925776905911,0.7855311355311355,0.6746123717792267,0.7877328485030318,"{""toxic"": 0.9250000000000004, ""severe_toxic"": 0.6500000000000002, ""obscene"": 0.9500000000000004, ""threat"": 0.12500000000000003, ""insult"": 0.9500000000000004, ""identity_hate"": 0.32500000000000007}",2.5e-05,3,8,0.01,0.2,256,raw
11,3,0.5216219683384502,0.6721159073851429,0.7763169201684282,0.6799035760039431,0.7834903869655014,0.7916432452688776,0.6992871572802731,0.794849610835007,"{""toxic"": 0.9250000000000004, ""severe_toxic"": 0.8500000000000003, ""obscene"": 0.9500000000000004, ""threat"": 0.9500000000000004, ""insult"": 0.9500000000000004, ""identity_hate"": 0.9500000000000004}",2.5e-05,3,8,0.01,0.2,256,raw
