trial,epoch,train_loss,val_loss,val_micro_f1_05,val_macro_f1_05,val_weighted_f1_05,val_micro_f1_tuned,val_macro_f1_tuned,val_weighted_f1_tuned,thresholds,learning_rate,epochs,batch_size,weight_decay,dropout,max_length,pos_weight_mode
2,1,0.7031578361472252,0.4176813053035048,0.7022410394919337,0.5993683257079666,0.7239783092564156,0.7717204592713136,0.6649758248703977,0.7770161513338267,"{""toxic"": 0.8500000000000003, ""severe_toxic"": 0.9500000000000004, ""obscene"": 0.9500000000000004, ""threat"": 0.5750000000000002, ""insult"": 0.9500000000000004, ""identity_hate"": 0.9500000000000004}",1e-05,3,16,0.01,0.2,128,raw
2,2,0.48004041813537457,0.4704465581395042,0.7394659669702115,0.6524504898183937,0.7522887790074441,0.7841726618705036,0.6920824058779171,0.7903402620260268,"{""toxic"": 0.9000000000000004, ""severe_toxic"": 0.9250000000000004, ""obscene"": 0.9500000000000004, ""threat"": 0.6750000000000003, ""insult"": 0.9500000000000004, ""identity_hate"": 0.7250000000000003}",1e-05,3,16,0.01,0.2,128,raw
2,3,0.375123560518557,0.4739789956224862,0.7484003475787977,0.6574421166720129,0.7604574319843755,0.7865831183192038,0.6950135565467354,0.7927696851648699,"{""toxic"": 0.9500000000000004, ""severe_toxic"": 0.9500000000000004, ""obscene"": 0.9500000000000004, ""threat"": 0.9500000000000004, ""insult"": 0.9250000000000004, ""identity_hate"": 0.9250000000000004}",1e-05,3,16,0.01,0.2,128,raw
