trial,epoch,train_loss,val_loss,val_micro_f1_05,val_macro_f1_05,val_weighted_f1_05,val_micro_f1_tuned,val_macro_f1_tuned,val_weighted_f1_tuned,thresholds,learning_rate,epochs,batch_size,weight_decay,dropout,max_length,pos_weight_mode
6,1,0.7416993326034678,0.46814919028900887,0.6961487772733929,0.5792372940412712,0.7278534923674052,0.7655054460347466,0.648155337717163,0.7749285434060407,"{""toxic"": 0.7750000000000002, ""severe_toxic"": 0.9500000000000004, ""obscene"": 0.9500000000000004, ""threat"": 0.6250000000000002, ""insult"": 0.9500000000000004, ""identity_hate"": 0.9500000000000004}",2.5e-05,3,16,0.01,0.2,128,raw
6,2,0.49339660690178727,0.5322394495532131,0.7332145899481143,0.6587998932839576,0.7446622349017901,0.7841872465904902,0.6992310142643858,0.7877840859294356,"{""toxic"": 0.9250000000000004, ""severe_toxic"": 0.9250000000000004, ""obscene"": 0.9500000000000004, ""threat"": 0.47500000000000014, ""insult"": 0.9500000000000004, ""identity_hate"": 0.9250000000000004}",2.5e-05,3,16,0.01,0.2,128,raw
6,3,0.3493424919135517,0.5518961123102964,0.7550525464834277,0.6666329169963401,0.7653653212626044,0.7864947161024539,0.7001980353418013,0.7909395293482203,"{""toxic"": 0.9000000000000004, ""severe_toxic"": 0.9500000000000004, ""obscene"": 0.9000000000000004, ""threat"": 0.9000000000000004, ""insult"": 0.8500000000000003, ""identity_hate"": 0.8000000000000003}",2.5e-05,3,16,0.01,0.2,128,raw
